Module,Precision,Recall,F1-Score,Accuracy
Overall System,1.0,0.015,0.029556650246305417,0.5075
Price,0.7647058823529411,0.13,0.2222222222222222,0.545
Text,0.0,0.0,0.0,0.5
Location,0.5071428571428571,0.355,0.4176470588235294,0.505
